<metadata xml:lang="en"><Esri><CreaDate>20210625</CreaDate><CreaTime>08374900</CreaTime><ArcGISFormat>1.0</ArcGISFormat><SyncOnce>FALSE</SyncOnce><DataProperties><lineage><Process ToolSource="c:\program files\arcgis\pro\Resources\ArcToolbox\toolboxes\Data Management Tools.tbx\CreateFeatureclass" Date="20210625" Time="083749">CreateFeatureclass E:\GitHub\Residential-Capacity\intermediate\process.gdb Parcels Polygon # No No "PROJCS['NAD83_Utah_Central_ft',GEOGCS['GCS_North_American_1983',DATUM['D_North_American_1983',SPHEROID['GRS_1980',6378137.0,298.257222101]],PRIMEM['Greenwich',0.0],UNIT['Degree',0.0174532925199433]],PROJECTION['Lambert_Conformal_Conic'],PARAMETER['false_easting',1640419.948],PARAMETER['false_northing',6561679.79],PARAMETER['central_meridian',-111.5],PARAMETER['standard_parallel_1',39.01666666666667],PARAMETER['standard_parallel_2',40.65],PARAMETER['latitude_of_origin',38.33333333333334],UNIT['Foot',0.3048]];-119797200 -89212400 3048;-100000 10000;-100000 10000;3.28083989501312E-03;0.001;0.001;IsHighPrecision" # 0 0 0 #</Process><Process ToolSource="c:\program files\arcgis\pro\Resources\ArcToolbox\toolboxes\Data Management Tools.tbx\DeleteField" Date="20210625" Time="090421">DeleteField E:\GitHub\Residential-Capacity\intermediate\process.gdb\Parcels Acres</Process><Process ToolSource="c:\program files\arcgis\pro\Resources\ArcToolbox\toolboxes\Data Management Tools.tbx\AddField" Date="20210625" Time="090428">AddField E:\GitHub\Residential-Capacity\intermediate\process.gdb\Parcels ParcelAcres "Double  (double precision)" # # # # NULLABLE NON_REQUIRED #</Process><Process ToolSource="c:\program files\arcgis\pro\Resources\ArcToolbox\toolboxes\Data Management Tools.tbx\CalculateField" Date="20210625" Time="090704">CalculateField E:\GitHub\Residential-Capacity\intermediate\process.gdb\Parcels ParcelAcres !shape.area@acres! PYTHON_9.3 # Text</Process><Process ToolSource="c:\program files\arcgis\pro\Resources\ArcToolbox\toolboxes\Conversion Tools.tbx\FeatureClassToFeatureClass" Date="20211222" Time="100938">FeatureClassToFeatureClass Parcels E:\GitHub\Residential-Capacity\ArcGISPro\ResidentialCapacity Parcels_WeberCounty.shp # "Shape_Length "Shape_Length" false true true 8 Double 0 0,First,#,Parcels,Shape_Length,-1,-1;Shape_Area "Shape_Area" false true true 8 Double 0 0,First,#,Parcels,Shape_Area,-1,-1;parcel_id "parcel_id" true true false 8 Double 0 0,First,#,Parcels,parcel_id,-1,-1;parcel_id_REMM "parcel_id_REMM" true true false 8 Double 0 0,First,#,Parcels,parcel_id_REMM,-1,-1;basebldg "basebldg" true true false 8 Double 0 0,First,#,Parcels,basebldg,-1,-1;parcel_sqft "parcel_sqft" true true false 8 Double 0 0,First,#,Parcels,parcel_sqft,-1,-1;parcel_acre "parcel_acre" true true false 8 Double 0 0,First,#,Parcels,parcel_acre,-1,-1;county_id "county_id" true true false 8 Double 0 0,First,#,Parcels,county_id,-1,-1;max_dua "max_dua" true true false 8 Double 0 0,First,#,Parcels,max_dua,-1,-1;max_far "max_far" true true false 8 Double 0 0,First,#,Parcels,max_far,-1,-1;max_height "max_height" true true false 8 Double 0 0,First,#,Parcels,max_height,-1,-1;luType "luType" true true false 26 Text 0 0,First,#,Parcels,luType,0,26;max_dua_center "max_dua_center" true true false 8 Double 0 0,First,#,Parcels,max_dua_center,-1,-1;max_far_center "max_far_center" true true false 8 Double 0 0,First,#,Parcels,max_far_center,-1,-1;bldgtype "bldgtype" true true false 22 Text 0 0,First,#,Parcels,bldgtype,0,22;yearbuilt "yearbuilt" true true false 8 Double 0 0,First,#,Parcels,yearbuilt,-1,-1;resunits "resunits" true true false 8 Double 0 0,First,#,Parcels,resunits,-1,-1;job_spaces "job_spaces" true true false 8 Double 0 0,First,#,Parcels,job_spaces,-1,-1;sf_res "sf_res" true true false 8 Double 0 0,First,#,Parcels,sf_res,-1,-1;sf_com "sf_com" true true false 8 Double 0 0,First,#,Parcels,sf_com,-1,-1;sfvalue_res "sfvalue_res" true true false 8 Double 0 0,First,#,Parcels,sfvalue_res,-1,-1;sfvalue_com "sfvalue_com" true true false 8 Double 0 0,First,#,Parcels,sfvalue_com,-1,-1;value_res "value_res" true true false 8 Double 0 0,First,#,Parcels,value_res,-1,-1;value_com "value_com" true true false 8 Double 0 0,First,#,Parcels,value_com,-1,-1;ParcelAcres "ParcelAcres" true true false 8 Double 0 0,First,#,Parcels,ParcelAcres,-1,-1" #</Process></lineage><itemProps><itemName Sync="TRUE">Parcels_WeberCounty</itemName><imsContentType Sync="TRUE">002</imsContentType><itemSize Sync="TRUE">0.000</itemSize><itemLocation><linkage Sync="TRUE">file://\\I7-088629\E$\GitHub\Residential-Capacity\ArcGISPro\ResidentialCapacity\Parcels_WeberCounty.shp</linkage><protocol Sync="TRUE">Local Area Network</protocol></itemLocation></itemProps><coordRef><type Sync="TRUE">Projected</type><geogcsn Sync="TRUE">GCS_North_American_1983</geogcsn><csUnits Sync="TRUE">Linear Unit: Foot (0.304800)</csUnits><projcsn Sync="TRUE">NAD83_Utah_Central_ft</projcsn><peXml Sync="TRUE">&lt;ProjectedCoordinateSystem xsi:type='typens:ProjectedCoordinateSystem' xmlns:xsi='http://www.w3.org/2001/XMLSchema-instance' xmlns:xs='http://www.w3.org/2001/XMLSchema' xmlns:typens='http://www.esri.com/schemas/ArcGIS/2.8.0'&gt;&lt;WKT&gt;PROJCS[&amp;quot;NAD83_Utah_Central_ft&amp;quot;,GEOGCS[&amp;quot;GCS_North_American_1983&amp;quot;,DATUM[&amp;quot;D_North_American_1983&amp;quot;,SPHEROID[&amp;quot;GRS_1980&amp;quot;,6378137.0,298.257222101]],PRIMEM[&amp;quot;Greenwich&amp;quot;,0.0],UNIT[&amp;quot;Degree&amp;quot;,0.0174532925199433]],PROJECTION[&amp;quot;Lambert_Conformal_Conic&amp;quot;],PARAMETER[&amp;quot;false_easting&amp;quot;,1640419.948],PARAMETER[&amp;quot;false_northing&amp;quot;,6561679.79],PARAMETER[&amp;quot;central_meridian&amp;quot;,-111.5],PARAMETER[&amp;quot;standard_parallel_1&amp;quot;,39.01666666666667],PARAMETER[&amp;quot;standard_parallel_2&amp;quot;,40.65],PARAMETER[&amp;quot;latitude_of_origin&amp;quot;,38.33333333333334],UNIT[&amp;quot;Foot&amp;quot;,0.3048]]&lt;/WKT&gt;&lt;XOrigin&gt;-119797200&lt;/XOrigin&gt;&lt;YOrigin&gt;-89212400&lt;/YOrigin&gt;&lt;XYScale&gt;37085710.087901071&lt;/XYScale&gt;&lt;ZOrigin&gt;-100000&lt;/ZOrigin&gt;&lt;ZScale&gt;10000&lt;/ZScale&gt;&lt;MOrigin&gt;-100000&lt;/MOrigin&gt;&lt;MScale&gt;10000&lt;/MScale&gt;&lt;XYTolerance&gt;0.0032808398950131233&lt;/XYTolerance&gt;&lt;ZTolerance&gt;0.001&lt;/ZTolerance&gt;&lt;MTolerance&gt;0.001&lt;/MTolerance&gt;&lt;HighPrecision&gt;true&lt;/HighPrecision&gt;&lt;/ProjectedCoordinateSystem&gt;</peXml></coordRef></DataProperties><SyncDate>20211222</SyncDate><SyncTime>10092500</SyncTime><ModDate>20211222</ModDate><ModTime>10092500</ModTime></Esri><dataIdInfo><envirDesc Sync="TRUE">Microsoft Windows 10 Version 10.0 (Build 19043) ; Esri ArcGIS 12.8.0.29751</envirDesc><dataLang><languageCode value="eng" Sync="TRUE"></languageCode><countryCode value="USA" Sync="TRUE"></countryCode></dataLang><idCitation><resTitle Sync="TRUE">Parcels_WeberCounty</resTitle><presForm><PresFormCd value="005" Sync="TRUE"></PresFormCd></presForm></idCitation><spatRpType><SpatRepTypCd value="001" Sync="TRUE"></SpatRepTypCd></spatRpType></dataIdInfo><mdLang><languageCode value="eng" Sync="TRUE"></languageCode><countryCode value="USA" Sync="TRUE"></countryCode></mdLang><distInfo><distFormat><formatName Sync="TRUE">Shapefile</formatName></distFormat><distTranOps><transSize Sync="TRUE">0.000</transSize></distTranOps></distInfo><mdHrLv><ScopeCd value="005" Sync="TRUE"></ScopeCd></mdHrLv><mdHrLvName Sync="TRUE">dataset</mdHrLvName><refSysInfo><RefSystem><refSysID><identCode code="0" Sync="TRUE"></identCode></refSysID></RefSystem></refSysInfo><spatRepInfo><VectSpatRep><geometObjs Name="Parcels_WeberCounty"><geoObjTyp><GeoObjTypCd value="002" Sync="TRUE"></GeoObjTypCd></geoObjTyp><geoObjCnt Sync="TRUE">0</geoObjCnt></geometObjs><topLvl><TopoLevCd value="001" Sync="TRUE"></TopoLevCd></topLvl></VectSpatRep></spatRepInfo><spdoinfo><ptvctinf><esriterm Name="Parcels_WeberCounty"><efeatyp Sync="TRUE">Simple</efeatyp><efeageom code="4" Sync="TRUE"></efeageom><esritopo Sync="TRUE">FALSE</esritopo><efeacnt Sync="TRUE">0</efeacnt><spindex Sync="TRUE">FALSE</spindex><linrefer Sync="TRUE">FALSE</linrefer></esriterm></ptvctinf></spdoinfo><eainfo><detailed Name="Parcels_WeberCounty"><enttyp><enttypl Sync="TRUE">Parcels_WeberCounty</enttypl><enttypt Sync="TRUE">Feature Class</enttypt><enttypc Sync="TRUE">0</enttypc></enttyp><attr><attrlabl Sync="TRUE">FID</attrlabl><attalias Sync="TRUE">FID</attalias><attrtype Sync="TRUE">OID</attrtype><attwidth Sync="TRUE">4</attwidth><atprecis Sync="TRUE">0</atprecis><attscale Sync="TRUE">0</attscale><attrdef Sync="TRUE">Internal feature number.</attrdef><attrdefs Sync="TRUE">Esri</attrdefs><attrdomv><udom Sync="TRUE">Sequential unique whole numbers that are automatically generated.</udom></attrdomv></attr><attr><attrlabl Sync="TRUE">Shape</attrlabl><attalias Sync="TRUE">Shape</attalias><attrtype Sync="TRUE">Geometry</attrtype><attwidth Sync="TRUE">0</attwidth><atprecis Sync="TRUE">0</atprecis><attscale Sync="TRUE">0</attscale><attrdef Sync="TRUE">Feature geometry.</attrdef><attrdefs Sync="TRUE">Esri</attrdefs><attrdomv><udom Sync="TRUE">Coordinates defining the features.</udom></attrdomv></attr><attr><attrlabl Sync="TRUE">Shape_Leng</attrlabl><attalias Sync="TRUE">Shape_Leng</attalias><attrtype Sync="TRUE">Double</attrtype><attwidth Sync="TRUE">19</attwidth><atprecis Sync="TRUE">0</atprecis><attscale Sync="TRUE">0</attscale></attr><attr><attrlabl Sync="TRUE">Shape_Area</attrlabl><attalias Sync="TRUE">Shape_Area</attalias><attrtype Sync="TRUE">Double</attrtype><attwidth Sync="TRUE">19</attwidth><atprecis Sync="TRUE">0</atprecis><attscale Sync="TRUE">0</attscale><attrdef Sync="TRUE">Area of feature in internal units squared.</attrdef><attrdefs Sync="TRUE">Esri</attrdefs><attrdomv><udom Sync="TRUE">Positive real numbers that are automatically generated.</udom></attrdomv></attr><attr><attrlabl Sync="TRUE">parcel_id</attrlabl><attalias Sync="TRUE">parcel_id</attalias><attrtype Sync="TRUE">Double</attrtype><attwidth Sync="TRUE">19</attwidth><atprecis Sync="TRUE">0</atprecis><attscale Sync="TRUE">0</attscale></attr><attr><attrlabl Sync="TRUE">parcel_id_</attrlabl><attalias Sync="TRUE">parcel_id_</attalias><attrtype Sync="TRUE">Double</attrtype><attwidth Sync="TRUE">19</attwidth><atprecis Sync="TRUE">0</atprecis><attscale Sync="TRUE">0</attscale></attr><attr><attrlabl Sync="TRUE">basebldg</attrlabl><attalias Sync="TRUE">basebldg</attalias><attrtype Sync="TRUE">Double</attrtype><attwidth Sync="TRUE">19</attwidth><atprecis Sync="TRUE">0</atprecis><attscale Sync="TRUE">0</attscale></attr><attr><attrlabl Sync="TRUE">parcel_sqf</attrlabl><attalias Sync="TRUE">parcel_sqf</attalias><attrtype Sync="TRUE">Double</attrtype><attwidth Sync="TRUE">19</attwidth><atprecis Sync="TRUE">0</atprecis><attscale Sync="TRUE">0</attscale></attr><attr><attrlabl Sync="TRUE">parcel_acr</attrlabl><attalias Sync="TRUE">parcel_acr</attalias><attrtype Sync="TRUE">Double</attrtype><attwidth Sync="TRUE">19</attwidth><atprecis Sync="TRUE">0</atprecis><attscale Sync="TRUE">0</attscale></attr><attr><attrlabl Sync="TRUE">county_id</attrlabl><attalias Sync="TRUE">county_id</attalias><attrtype Sync="TRUE">Double</attrtype><attwidth Sync="TRUE">19</attwidth><atprecis Sync="TRUE">0</atprecis><attscale Sync="TRUE">0</attscale></attr><attr><attrlabl Sync="TRUE">max_dua</attrlabl><attalias Sync="TRUE">max_dua</attalias><attrtype Sync="TRUE">Double</attrtype><attwidth Sync="TRUE">19</attwidth><atprecis Sync="TRUE">0</atprecis><attscale Sync="TRUE">0</attscale></attr><attr><attrlabl Sync="TRUE">max_far</attrlabl><attalias Sync="TRUE">max_far</attalias><attrtype Sync="TRUE">Double</attrtype><attwidth Sync="TRUE">19</attwidth><atprecis Sync="TRUE">0</atprecis><attscale Sync="TRUE">0</attscale></attr><attr><attrlabl Sync="TRUE">max_height</attrlabl><attalias Sync="TRUE">max_height</attalias><attrtype Sync="TRUE">Double</attrtype><attwidth Sync="TRUE">19</attwidth><atprecis Sync="TRUE">0</atprecis><attscale Sync="TRUE">0</attscale></attr><attr><attrlabl Sync="TRUE">luType</attrlabl><attalias Sync="TRUE">luType</attalias><attrtype Sync="TRUE">String</attrtype><attwidth Sync="TRUE">26</attwidth><atprecis Sync="TRUE">0</atprecis><attscale Sync="TRUE">0</attscale></attr><attr><attrlabl Sync="TRUE">max_dua_ce</attrlabl><attalias Sync="TRUE">max_dua_ce</attalias><attrtype Sync="TRUE">Double</attrtype><attwidth Sync="TRUE">19</attwidth><atprecis Sync="TRUE">0</atprecis><attscale Sync="TRUE">0</attscale></attr><attr><attrlabl Sync="TRUE">max_far_ce</attrlabl><attalias Sync="TRUE">max_far_ce</attalias><attrtype Sync="TRUE">Double</attrtype><attwidth Sync="TRUE">19</attwidth><atprecis Sync="TRUE">0</atprecis><attscale Sync="TRUE">0</attscale></attr><attr><attrlabl Sync="TRUE">bldgtype</attrlabl><attalias Sync="TRUE">bldgtype</attalias><attrtype Sync="TRUE">String</attrtype><attwidth Sync="TRUE">22</attwidth><atprecis Sync="TRUE">0</atprecis><attscale Sync="TRUE">0</attscale></attr><attr><attrlabl Sync="TRUE">yearbuilt</attrlabl><attalias Sync="TRUE">yearbuilt</attalias><attrtype Sync="TRUE">Double</attrtype><attwidth Sync="TRUE">19</attwidth><atprecis Sync="TRUE">0</atprecis><attscale Sync="TRUE">0</attscale></attr><attr><attrlabl Sync="TRUE">resunits</attrlabl><attalias Sync="TRUE">resunits</attalias><attrtype Sync="TRUE">Double</attrtype><attwidth Sync="TRUE">19</attwidth><atprecis Sync="TRUE">0</atprecis><attscale Sync="TRUE">0</attscale></attr><attr><attrlabl Sync="TRUE">job_spaces</attrlabl><attalias Sync="TRUE">job_spaces</attalias><attrtype Sync="TRUE">Double</attrtype><attwidth Sync="TRUE">19</attwidth><atprecis Sync="TRUE">0</atprecis><attscale Sync="TRUE">0</attscale></attr><attr><attrlabl Sync="TRUE">sf_res</attrlabl><attalias Sync="TRUE">sf_res</attalias><attrtype Sync="TRUE">Double</attrtype><attwidth Sync="TRUE">19</attwidth><atprecis Sync="TRUE">0</atprecis><attscale Sync="TRUE">0</attscale></attr><attr><attrlabl Sync="TRUE">sf_com</attrlabl><attalias Sync="TRUE">sf_com</attalias><attrtype Sync="TRUE">Double</attrtype><attwidth Sync="TRUE">19</attwidth><atprecis Sync="TRUE">0</atprecis><attscale Sync="TRUE">0</attscale></attr><attr><attrlabl Sync="TRUE">sfvalue_re</attrlabl><attalias Sync="TRUE">sfvalue_re</attalias><attrtype Sync="TRUE">Double</attrtype><attwidth Sync="TRUE">19</attwidth><atprecis Sync="TRUE">0</atprecis><attscale Sync="TRUE">0</attscale></attr><attr><attrlabl Sync="TRUE">sfvalue_co</attrlabl><attalias Sync="TRUE">sfvalue_co</attalias><attrtype Sync="TRUE">Double</attrtype><attwidth Sync="TRUE">19</attwidth><atprecis Sync="TRUE">0</atprecis><attscale Sync="TRUE">0</attscale></attr><attr><attrlabl Sync="TRUE">value_res</attrlabl><attalias Sync="TRUE">value_res</attalias><attrtype Sync="TRUE">Double</attrtype><attwidth Sync="TRUE">19</attwidth><atprecis Sync="TRUE">0</atprecis><attscale Sync="TRUE">0</attscale></attr><attr><attrlabl Sync="TRUE">value_com</attrlabl><attalias Sync="TRUE">value_com</attalias><attrtype Sync="TRUE">Double</attrtype><attwidth Sync="TRUE">19</attwidth><atprecis Sync="TRUE">0</atprecis><attscale Sync="TRUE">0</attscale></attr><attr><attrlabl Sync="TRUE">ParcelAcre</attrlabl><attalias Sync="TRUE">ParcelAcre</attalias><attrtype Sync="TRUE">Double</attrtype><attwidth Sync="TRUE">19</attwidth><atprecis Sync="TRUE">0</atprecis><attscale Sync="TRUE">0</attscale></attr></detailed></eainfo><mdDateSt Sync="TRUE">20211222</mdDateSt></metadata>
